Artist,Album,Song,Date Saved,Album Art
"TINI","TINI (Martina Stoessel) [Deluxe Edition]","Confía En Mí","2019/06/26","https://i.scdn.co/image/ab67616d0000b2733a8f52ff59c6f8db0470d225" 
"Pedro Capó","Calma (Remix)","Calma - Remix","2019/02/14","https://i.scdn.co/image/ab67616d0000b273c736f0be0530ea1e1a7fd601" 
"Los Polinesios","Festival","Festival","2019/02/28","https://i.scdn.co/image/ab67616d0000b2732e70338383ff5a38cc3711aa" 
"Daniel Boaventura","Daniel Boaventura En Vivo En México","You'll Never Find Another Love Like Mine - Ao Vivo","2019/08/13","https://i.scdn.co/image/ab67616d0000b273db2594c3c3a53b1c6d895168" 
"Daniel Boaventura","Daniel Boaventura En Vivo En México","Sway - Ao Vivo","2019/08/13","https://i.scdn.co/image/ab67616d0000b273db2594c3c3a53b1c6d895168" 
"Daniel Boaventura","Daniel Boaventura En Vivo En México","The Girl From Ipanema / Garota De Ipanema (feat. Daniel Jobim) - Ao Vivo","2019/08/13","https://i.scdn.co/image/ab67616d0000b273db2594c3c3a53b1c6d895168" 
"Daniel Boaventura","Daniel Boaventura En Vivo En México","Wave (feat. Daniel Jobim) - Ao Vivo","2019/08/13","https://i.scdn.co/image/ab67616d0000b273db2594c3c3a53b1c6d895168" 
"Daniel Boaventura","Your Song (Ao Vivo) [Deluxe]","Perhaps, Perhaps, Perhaps (Quizás, Quizás, Quizás) (feat. Carlos Rivera) - Ao Vivo","2019/08/13","https://i.scdn.co/image/ab67616d0000b27350556cea90a0d0ce4539bb46" 
"Bart Howard","Daniel Boaventura Canta Frank Sinatra (Ao Vivo)","Fly Me to the Moon (In Other Words) - Ao Vivo","2019/08/13","https://i.scdn.co/image/ab67616d0000b273fcf7f0355f18c33892b36f22" 
"Daniel Boaventura","Daniel Boaventura (Ao Vivo)","Dancing Queen - Ao Vivo","2019/08/13","https://i.scdn.co/image/ab67616d0000b273e1459f17e91d1a0400a252fe" 
"Michael Bublé","Bublé! (Original Soundtrack from his NBC TV Special)","La vie en rose (feat. Cécile McLorin Salvant)","2019/08/13","https://i.scdn.co/image/ab67616d0000b273fba4d4f37bc4ba2633264d1d" 
"Michael Bublé","Bublé! (Original Soundtrack from his NBC TV Special)","Feeling Good","2019/08/13","https://i.scdn.co/image/ab67616d0000b273fba4d4f37bc4ba2633264d1d" 
"Michael Bublé","On an Evening in Roma (Sott'er Celo de Roma)","On an Evening in Roma (Sott'er Celo de Roma)","2019/08/13","https://i.scdn.co/image/ab67616d0000b2738cf8b00e1e50dc0769fd3e78" 
"Ed Sheeran","Perfect Duet (Ed Sheeran & Beyoncé)","Perfect Duet (Ed Sheeran & Beyoncé)","2019/08/13","https://i.scdn.co/image/ab67616d0000b273af6b2fca3b6e24612a5fe5d8" 
"Scorpions","Comeblack","Still Loving You","2019/08/13","https://i.scdn.co/image/ab67616d0000b2739f2023d391c3bd4acf4d51c6" 
"Engelbert Humperdinck","A Man Without Love","Can't Take My Eyes Off You","2019/08/13","https://i.scdn.co/image/ab67616d0000b27313f61b73b155d49c9ad671b9" 
"Justin Bieber","Purpose (Deluxe)","Love Yourself","2019/08/13","https://i.scdn.co/image/ab67616d0000b273b6d9a4fbb0bd49f0f034aead" 
"Elton John","Sleeping With The Past (Remastered with bonus tracks)","Sacrifice","2019/08/13","https://i.scdn.co/image/ab67616d0000b273d3a4359de062677ffd7304aa" 
"Bonnie Tyler","The Very Best Of Bonnie Tyler","Total Eclipse of the Heart","2019/08/13","https://i.scdn.co/image/ab67616d0000b27393d73d10075d96b65ba04dcb" 
"Chicago","Chicago 16 (Expanded Edition)","Hard to Say I'm Sorry - 2009 Remaster","2019/08/13","https://i.scdn.co/image/ab67616d0000b2734b557f4ed73a780583c5af69" 
"Céline Dion","Let's Talk About Love","My Heart Will Go On - Love Theme from "Titanic"","2019/08/13","https://i.scdn.co/image/ab67616d0000b273a626e7f7249adfbf2a839954" 
"Whitney Houston","The Bodyguard - Original Soundtrack Album","I Have Nothing","2019/08/13","https://i.scdn.co/image/ab67616d0000b273456c0b5d0316a80dc600802e" 
"Stevie Wonder","Number 1's","I Just Called To Say I Love You","2019/08/13","https://i.scdn.co/image/ab67616d0000b27367daf4d855cb184bb2e98a58" 
"Bruno Mars","Unorthodox Jukebox","When I Was Your Man","2019/08/13","https://i.scdn.co/image/ab67616d0000b273926f43e7cce571e62720fd46" 
"Barbra Streisand","Guilty","Woman in Love","2019/08/13","https://i.scdn.co/image/ab67616d0000b273788aec6603253d0d95169042" 
"Céline Dion","The Colour Of My Love","The Power of Love","2019/08/13","https://i.scdn.co/image/ab67616d0000b273b3d0e02b3a9e8057484cfef0" 
"Raphael","Maravilloso Raphael","Maravilloso corazón, maravilloso","2019/08/13","https://i.scdn.co/image/ab67616d0000b273447ab19803630dbe35df99fe" 
"Raphael","Maravilloso Raphael","Siempre estás diciendo que te vas","2019/08/13","https://i.scdn.co/image/ab67616d0000b273447ab19803630dbe35df99fe" 
"Yuri","Primera Fila (En Vivo)","Ya No Vives en Mí (Primera Fila) (feat. Carlos Rivera) - En Vivo","2019/08/13","https://i.scdn.co/image/ab67616d0000b273e9a50bda33c81003d4aecfb7" 
"María José","Conexión (En Vivo)","Hábito de Ti - En Vivo","2019/08/13","https://i.scdn.co/image/ab67616d0000b27394fb8da78940b909f5870763" 
"Beto Cuevas","Aquí (feat. María José)","Aquí (feat. María José)","2019/08/13","https://i.scdn.co/image/ab67616d0000b273d70d99397e9d6f285a89bdd4" 
"Camila","Sobreviviendo","Sobreviviendo","2019/08/13","https://i.scdn.co/image/ab67616d0000b273c926792d0042ef5e8f3ed8b7" 
"Francisco Céspedes","Vida Loca","Vida Loca","2020/02/01","https://i.scdn.co/image/ab67616d0000b27354fd1c1427e84468c90b9646" 
"Rod Stewart","Merry Christmas, Baby (Deluxe Edition)","Santa Claus Is Coming To Town","2020/04/26","https://i.scdn.co/image/ab67616d0000b2736902f352fc980436434257e3" 
"Imagine Dragons","Evolve","Believer","2020/04/26","https://i.scdn.co/image/ab67616d0000b2735675e83f707f1d7271e5cf8a" 
"John Barry","Goldfinger (Original Motion Picture Soundtrack / Expanded Edition)","Oddjob's Pressing Engagement","2020/09/15","https://i.scdn.co/image/ab67616d0000b273090a4107d248606fc5b7c302" 
"John Barry Orchestra","Dr. No (Original Motion Picture Soundtrack)","James Bond Theme","2020/09/15","https://i.scdn.co/image/ab67616d0000b273f5d8babc70397793d650466a" 
"Shirley Bassey","Goldfinger (Original Motion Picture Soundtrack / Expanded Edition)","Goldfinger - Main Title","2020/09/15","https://i.scdn.co/image/ab67616d0000b273090a4107d248606fc5b7c302" 
"Nancy Sinatra","You Only Live Twice - Soundtrack","You Only Live Twice - Main Title","2020/09/15","https://i.scdn.co/image/ab67616d0000b273e8183cff501a69431185d1ff" 
"Louis Armstrong","On Her Majesty's Secret Service (Expanded Edition)","We Have All The Time In The World - Remastered","2020/09/15","https://i.scdn.co/image/ab67616d0000b273821914df79de2441dfcfd573" 
"Shirley Bassey","Diamonds Are Forever (Expanded Edition)","Diamonds Are Forever - Remastered","2020/09/15","https://i.scdn.co/image/ab67616d0000b2739580e2d71fffbf01c4460c43" 
"Paul McCartney","Live And Let Die (Original Motion Picture Soundtrack/Expanded Edition/Remastered)","Live And Let Die","2020/09/15","https://i.scdn.co/image/ab67616d0000b273e0964e95a4be65177c4c3a07" 
"Marvin Hamlisch","The Spy Who Loved Me","Nobody Does It Better","2020/09/15","https://i.scdn.co/image/ab67616d0000b27320e6977c6146e375f7e1669d" 
"Tina Turner","Goldeneye","Goldeneye","2020/09/15","https://i.scdn.co/image/ab67616d0000b273cbb892457f8d597ad5eec9a4" 
"Sheryl Crow","Tomorrow Never Dies (Soundtrack)","Tomorrow Never Dies","2020/09/15","https://i.scdn.co/image/ab67616d0000b273e7290a0bbeede3d0d87f860a" 
"Garbage","Absolute Garbage","The World Is Not Enough","2020/09/15","https://i.scdn.co/image/ab67616d0000b27366b0dbc0e0bc8c2020c15b8d" 
"Adele","Skyfall","Skyfall","2020/09/15","https://i.scdn.co/image/ab67616d0000b2732b62f79949ec100b29c04b00" 
"Billie Eilish","No Time To Die","No Time To Die","2020/09/15","https://i.scdn.co/image/ab67616d0000b273f7b7174bef6f3fbfda3a0bb7" 
"Sam Smith","Writing's On The Wall","Writing's On The Wall","2020/09/15","https://i.scdn.co/image/ab67616d0000b27375d893bf7de5a319c7ca3f0f" 
"UB40","The Very Best Of","Red Red Wine","2020/10/17","https://i.scdn.co/image/ab67616d0000b273f1dd69d7399290cc25324706" 
"Vanessa Paradis","A Monster In Paris","La Seine And I Cabaret","2020/10/17","https://i.scdn.co/image/ab67616d0000b27320a843e94e91ae55e23e87fb" 
"Whitney Houston","Whitney The Greatest Hits","One Moment in Time","2020/10/17","https://i.scdn.co/image/ab67616d0000b273989694c579cc8a29f99b6eda" 
"Wings","London Town","With A Little Luck - Remastered 1993","2020/10/17","https://i.scdn.co/image/ab67616d0000b273d3473b6adad75bf820f3a134" 
"Zoé","MTV Unplugged Música De Fondo (Reissue/Live)","Labios Rotos - En Vivo Desde México / 2010","2020/10/17","https://i.scdn.co/image/ab67616d0000b2739abba2e4a7600af6c16988a9" 
"Zoé","Aztlán","Azul","2020/10/18","https://i.scdn.co/image/ab67616d0000b2731eada1495a082da8a6c3e516" 
"Zoé","MTV Unplugged Música De Fondo (Reissue/Live)","Soñé - En Vivo","2020/10/18","https://i.scdn.co/image/ab67616d0000b2739abba2e4a7600af6c16988a9" 
"Daryl Hall & John Oates","Voices","You Make My Dreams (Come True)","2021/01/31","https://i.scdn.co/image/ab67616d0000b273fe1a9aa59e3c6189a09ae37a" 
"Daryl Hall & John Oates","H2O","Maneater","2021/01/31","https://i.scdn.co/image/ab67616d0000b273cfe4163cbb6d12f3ec15898e" 
"Daryl Hall & John Oates","Voices","Kiss on My List","2021/01/31","https://i.scdn.co/image/ab67616d0000b273fe1a9aa59e3c6189a09ae37a" 
"Mike Reno","Love Songs","Almost Paradise (feat. Ann Wilson) - Love Theme from "Footloose"","2021/01/31","https://i.scdn.co/image/ab67616d0000b273fbdfd2292cf13a587862b9c0" 
"Nancy Wilson","A Very Special Christmas 2","Blue Christmas","2021/01/31","https://i.scdn.co/image/ab67616d0000b27348dfcfd269a34c3555cb2da0" 
"Sting","Fields Of Gold - The Best Of Sting 1984 - 1994","It's Probably Me","2021/04/17","https://i.scdn.co/image/ab67616d0000b273973e8b89e74fbabf0736df8a" 
"Sting","Brand New Day","Desert Rose","2021/04/17","https://i.scdn.co/image/ab67616d0000b273db85318130166610d4095c51" 
"Craig David","Slicker than Your Average","Rise & Fall (feat. Sting)","2021/04/17","https://i.scdn.co/image/ab67616d0000b273152fa8f891c1214e8b5489e3" 
"Charles Aznavour","Duos","L'amour c'est comme un jour","2021/04/17","https://i.scdn.co/image/ab67616d0000b2738af97647432f9c0d805b89e2" 
"Julio Iglesias","My Life: The Greatest Hits","Fragile (Lead Guitar and Background Vocals by Sting) (with Sting)","2021/04/17","https://i.scdn.co/image/ab67616d0000b2737703391d79ac40b36b4b1068" 
"Gordon Matthew Thomas Sumner","Brazil","Sting: Fragile (Arr. for String Quartet and Vocals)","2021/04/17","https://i.scdn.co/image/ab67616d0000b27391c79fb6ae410831732b1ec4" 
"Sting","September (with Zucchero)","September (with Zucchero)","2021/04/17","https://i.scdn.co/image/ab67616d0000b2735e208f5fa87b4b636f99f9bf" 
"Sting","Red Hot & Rio","How Insensitive","2021/04/17","https://i.scdn.co/image/ab67616d0000b2733e06d4cab51653934ee6c664" 
"Tony Bennett","Duets An American Classic","The Boulevard of Broken Dreams (with Sting)","2021/04/17","https://i.scdn.co/image/ab67616d0000b273c2c103caf406c34746736307" 
"Sting","Silent Night (Christmas Is Coming) (with Shaggy)","Silent Night (Christmas Is Coming) (with Shaggy)","2021/04/17","https://i.scdn.co/image/ab67616d0000b27363b3ddd53e240beedcbede5c" 
"Ricky Martin","PAUSA","Simple","2021/04/17","https://i.scdn.co/image/ab67616d0000b273bb5fb5d93f1a1252d043011e" 
"Nicole Scherzinger","Killer Love","Power's Out - Feat. Sting","2021/04/17","https://i.scdn.co/image/ab67616d0000b2738c99c344710cc23868d8fac8" 
"Sting","Groove and Voices","Lullaby to an Anxious Child","2021/04/17","https://i.scdn.co/image/ab67616d0000b2738bd4663047e0e84ee2fff5ce" 
"The Weeknd","Save Your Tears (Remix)","Save Your Tears (with Ariana Grande) (Remix)","2021/06/06","https://i.scdn.co/image/ab67616d0000b273c6af5ffa661a365b77df6ef6" 
"Elvis Costello","In Motion Pictures","She","2021/06/06","https://i.scdn.co/image/ab67616d0000b273ec392968e6c27af3579dbb75" 
"Luciano Pavarotti","Luciano Pavarotti, Vol. 2","Nessun Dorma","2021/09/10","https://i.scdn.co/image/ab67616d0000b27347af4ea10afac223184fad45" 
"Eduardo di Capua","The Three Tenors - The Best of the 3 Tenors (Live)","'O sole mio - Live","2021/09/10","https://i.scdn.co/image/ab67616d0000b27328e2ea5755150dff943abb40" 
"Luigi Denza","The Three Tenors - The Best of the 3 Tenors (Live)","Funiculì, funiculà - Live","2021/09/10","https://i.scdn.co/image/ab67616d0000b27328e2ea5755150dff943abb40" 
"Nacio Herb Brown","The Three Tenors - The Best of the 3 Tenors (Live)","Singin' In The Rain - Live","2021/09/10","https://i.scdn.co/image/ab67616d0000b27328e2ea5755150dff943abb40" 
"Juan De Dios Filiberto","The Three Tenors - The Best of the 3 Tenors (Live)","Ochi tchorniye - Caminito - La vie en rose- - Live","2021/09/10","https://i.scdn.co/image/ab67616d0000b27328e2ea5755150dff943abb40" 
"Ruggero Leoncavallo","The Three Tenors - The Best of the 3 Tenors (Live)","Mattinata. - Wien, Wien, nur du allein - - Amapola - Live","2021/09/10","https://i.scdn.co/image/ab67616d0000b27328e2ea5755150dff943abb40" 
"Bob Russell","The Three Tenors - The Best of the 3 Tenors (Live)","Brazil - Live","2021/09/10","https://i.scdn.co/image/ab67616d0000b27328e2ea5755150dff943abb40" 
"Ernesto de Curtis","The Three Tenors - The Best of the 3 Tenors (Live)","Torna a Surriento - Live","2021/09/10","https://i.scdn.co/image/ab67616d0000b27328e2ea5755150dff943abb40" 
"Luciano Pavarotti","Pavarotti & Friends 2","La traviata / Act 1: "Libiamo ne'lieti calici" (Brindisi)","2021/09/10","https://i.scdn.co/image/ab67616d0000b273fb96d63e9adee88ca928488d" 
"Molotov","Dance And Dense Denso","Frijolero","2022/03/13","https://i.scdn.co/image/ab67616d0000b273fee079615e41899b497a7dda" 
"our distant worlds","sleeping moons","gentle skies","2022/03/20","https://i.scdn.co/image/ab67616d0000b273f70a4a0a39f8b427012a16ea" 
"our distant worlds","sleeping moons","dark light","2022/03/20","https://i.scdn.co/image/ab67616d0000b273f70a4a0a39f8b427012a16ea" 
"our distant worlds","sleeping moons","midnight relief","2022/03/20","https://i.scdn.co/image/ab67616d0000b273f70a4a0a39f8b427012a16ea" 
"our distant worlds","sleeping moons","eyes wide shut","2022/03/20","https://i.scdn.co/image/ab67616d0000b273f70a4a0a39f8b427012a16ea" 
"our distant worlds","sleeping moons","beyond horizons","2022/03/20","https://i.scdn.co/image/ab67616d0000b273f70a4a0a39f8b427012a16ea" 
"Roberto Jordan","RCA 100 Años De Musica","Hazme una Señal - Gimme Little Sign","2022/06/01","https://i.scdn.co/image/ab67616d0000b273170b3c4193ffe88512c33137" 
"Roberto Jordan","20 Éxitos","No Se Ha Dado Cuenta","2022/06/01","https://i.scdn.co/image/ab67616d0000b27361a6d14796ab956d9e2de598" 
"Roberto Jordan","20 Éxitos","Rosa Marchita","2022/06/01","https://i.scdn.co/image/ab67616d0000b27361a6d14796ab956d9e2de598" 
"Roberto Jordan","20 Éxitos","Agujetas de Color de Rosa","2022/06/01","https://i.scdn.co/image/ab67616d0000b27361a6d14796ab956d9e2de598" 
"Leonardo Favio","Mis Canciones Favoritas","Poupurri: Fuiste Mía un Verano / Ella Ya Me Olvidó / O Quizas Simplemente Le Regale una Rosa","2022/06/01","https://i.scdn.co/image/ab67616d0000b2735d972209bc39daac2915f514" 
"Palito Ortega","Palito Ortega y Sus Éxitos","Por Muchas Razones Te Quiero","2022/06/01","https://i.scdn.co/image/ab67616d0000b273262cc7654b19fe504e9a817a" 
"Palito Ortega","Palito Ortega y Sus Éxitos","Despeinada","2022/06/01","https://i.scdn.co/image/ab67616d0000b273262cc7654b19fe504e9a817a" 
"Palito Ortega","Palito Ortega","La Felicidad","2022/06/01","https://i.scdn.co/image/ab67616d0000b2737ac4fd0df1edc28160e343b0" 
"Palito Ortega","Palito Ortega y Sus Éxitos","Yo Tengo Fe","2022/06/01","https://i.scdn.co/image/ab67616d0000b273262cc7654b19fe504e9a817a" 
"Leo Dan","10 De Coleccion","Qué Tiene la Niña","2022/06/01","https://i.scdn.co/image/ab67616d0000b273c2773f3f764c1a8d05ad61e1" 
"Enrique Guzman","20 Grandes Exitos","Lo Sé (I Will)","2022/06/01","https://i.scdn.co/image/ab67616d0000b273fe232b5ff5e6e7f65ec17806" 
"Enrique Guzman","20 Grandes Exitos","Ángel de Mi Vida - Angel of the Morning","2022/06/01","https://i.scdn.co/image/ab67616d0000b273fe232b5ff5e6e7f65ec17806" 
"Enrique Guzman","20 Grandes Exitos","Más (More)","2022/06/01","https://i.scdn.co/image/ab67616d0000b273fe232b5ff5e6e7f65ec17806" 
"Enrique Guzman","Serie De Coleccion 15 Autenticos Exitos - Enrique Guzman","Cien Kilos de Barro (100 Pounds of Clay)","2022/06/01","https://i.scdn.co/image/ab67616d0000b273a18523f50067d4390dd86b97" 
"Alberto Vazquez Con Orquesta Y Grupo","Baladas - Alberto Vazquez","Maracas","2022/06/01","https://i.scdn.co/image/ab67616d0000b273dee4ebcc8d38c1dd4727fef9" 
"Alberto Vazquez","16 Exitos Baladas - Alberto Vazquez","Olvidalo","2022/06/01","https://i.scdn.co/image/ab67616d0000b27325ccc440f09b163a391832cb" 
"Alberto Vazquez","16 Exitos Baladas - Alberto Vazquez","Cuando Calienta El Sol","2022/06/01","https://i.scdn.co/image/ab67616d0000b27325ccc440f09b163a391832cb" 
"Alberto Vazquez","Las Numero 1 De Alberto Vazquez","Para Decir Adiós","2022/06/01","https://i.scdn.co/image/ab67616d0000b273b6d2dc60946bbcbf6d39eff9" 
"Charles Aznavour","Venecia Sin Ti","Venecia sin ti - Que c'est triste Venise","2022/06/01","https://i.scdn.co/image/ab67616d0000b273f47c955ab2b03b34e9631ed2" 
"Manolo Mu","Los 4 Grandes Del Rock","El Rapido Speedy Gonzalez","2022/06/01","https://i.scdn.co/image/ab67616d0000b2737129a818c9de8f6d8aa5f9dd" 
"Roberto Carlos","Línea Azul - Vol. I - La Distancia","Jesucristo (Jesús Cristo)","2022/06/01","https://i.scdn.co/image/ab67616d0000b2731580117484ce36e4d8d5660d" 
"Mari Trini","Serie 3X4 (Rocio Jurado, Paloma San Basilio, Mari Trini)","Yo No Soy Esa","2022/06/01","https://i.scdn.co/image/ab67616d0000b27367dbb996eb5edeb3de61ac3d" 
"Los Bravos","Lo Mejor de los Bravos","La Moto","2022/10/31","https://i.scdn.co/image/ab67616d0000b27373d51ef264e668b2fa9e8010" 
"Dean Martin","Everybody Loves Somebody","Everybody Loves Somebody","2022/11/11","https://i.scdn.co/image/ab67616d0000b273ba93cb5d7f8450ac548e04b6" 
"Electric Light Orchestra","70s 100 Hits","Livin' Thing","2022/11/11","https://i.scdn.co/image/ab67616d0000b273871ab8561721e8967eda8269" 
"The Manhattans","R&B: From Doo-Wop To Hip-Hop","Kiss and Say Goodbye","2022/11/11","https://i.scdn.co/image/ab67616d0000b273980caf4dd525a15f08f8cb87" 
"Boys Town Gang","Disco Kicks (The Complete Anthology)","Can't Take My Eyes Off You - Jazz Version","2022/11/11","https://i.scdn.co/image/ab67616d0000b273093ee6ced0f0ff438c17d65d" 
"The Hollies","Distant Light (Expanded Edition)","Long Cool Woman (In a Black Dress) - 1999 Remaster","2022/11/11","https://i.scdn.co/image/ab67616d0000b273bb7dfb2d46ee5158d505d7db" 
"Queen","The Game (Deluxe Remastered Version)","Another One Bites The Dust - Remastered 2011","2022/11/11","https://i.scdn.co/image/ab67616d0000b27307744e2ed983efa3e6620a47" 
"Rod Stewart","Some Guys Have All the Luck","Young Turks - 2008 Remaster","2022/11/11","https://i.scdn.co/image/ab67616d0000b273af5437d890d1a41486e0a322" 
"Helen Reddy","Helen Reddy's Greatest Hits (And More)","You're My World","2022/11/11","https://i.scdn.co/image/ab67616d0000b273823351ac09824d25f3b09db8" 
"Barry Manilow","The Essential Barry Manilow","Can't Smile Without You","2022/11/11","https://i.scdn.co/image/ab67616d0000b273804ac67899d51810de932bdc" 
"The Weeknd","Starboy","I Feel It Coming","2023/01/30","https://i.scdn.co/image/ab67616d0000b2734718e2b124f79258be7bc452" 
"Vazquez Sounds","Invencible","Volaré","2023/01/30","https://i.scdn.co/image/ab67616d0000b273f6b7f1013db479840fa71784" 
"Sean Ono Lennon","A Monster In Paris","A Monster In Paris","2023/01/30","https://i.scdn.co/image/ab67616d0000b27320a843e94e91ae55e23e87fb" 
"Sabrina Carpenter","Eyes Wide Open","Eyes Wide Open","2023/01/30","https://i.scdn.co/image/ab67616d0000b2735d9a77afd5c144581be1e74e" 
"Zoé","Memo Rex Commander y el Corazón Atómico de la Vía Láctea","No Me Destruyas","2023/01/30","https://i.scdn.co/image/ab67616d0000b27365aae98107ee8ab92da971a7" 
"Ricky Martin","Vente Pa' Ca (feat. Maluma)","Vente Pa' Ca (feat. Maluma)","2023/01/30","https://i.scdn.co/image/ab67616d0000b2733d90f5938459be40b7b6652a" 
"Julia Michaels","Heaven [From "Fifty Shades Freed (Original Motion Picture Soundtrack)"]","Heaven","2023/01/30","https://i.scdn.co/image/ab67616d0000b2738dfd94df32e91d9f384df1fb" 
"Juan Magán","The King Is Back (#LatinIBIZAte)","Si No Te Quisiera","2023/01/30","https://i.scdn.co/image/ab67616d0000b27302a9f2b0140d891d4efaa277" 
"Janieck","Does It Matter","Does It Matter","2023/01/30","https://i.scdn.co/image/ab67616d0000b273c40fb55bdc209b802cc3bfdb" 
"The Jackson 5","Diana Ross Presents The Jackson 5","I Want You Back","2023/01/30","https://i.scdn.co/image/ab67616d0000b27316aaf05fe82237576a7d0e38" 
"Camilo","Vida de Rico","Vida de Rico","2023/01/30","https://i.scdn.co/image/ab67616d0000b2731787548fbb289e9a26a5e1c1" 
"Chamorro","Bellacaco","Que Onda","2023/01/30","https://i.scdn.co/image/ab67616d0000b273580829cf18151297f4321e4b" 
"Bizarrap","Shakira: Bzrp Music Sessions, Vol. 53","Shakira: Bzrp Music Sessions, Vol. 53","2023/01/30","https://i.scdn.co/image/ab67616d0000b2732b6d78c5a3f6247aa997b812" 
"Camilo","Ropa Cara","Ropa Cara","2023/01/30","https://i.scdn.co/image/ab67616d0000b273f7884ae3a1a00f73dd0e9fff" 
"Camilo","Tutu","Tutu","2023/01/30","https://i.scdn.co/image/ab67616d0000b273f748b7d038bc70dfba593fdd" 
"ROSALÍA","DESPECHÁ","DESPECHÁ","2023/01/30","https://i.scdn.co/image/ab67616d0000b2738f072024e0358fc5c62eba41" 
"Bad Bunny","Un Verano Sin Ti","Efecto","2023/01/30","https://i.scdn.co/image/ab67616d0000b27349d694203245f241a1bcaa72" 
"Bizarrap","Quevedo: Bzrp Music Sessions, Vol. 52","Quevedo: Bzrp Music Sessions, Vol. 52","2023/01/30","https://i.scdn.co/image/ab67616d0000b2731630dd349221a35ce03a0ccf" 
"Manuel Turizo","La Bachata","La Bachata","2023/01/30","https://i.scdn.co/image/ab67616d0000b273c9f744b0d62da795bc21d04a" 
"Shakira","Te Felicito","Te Felicito","2023/01/30","https://i.scdn.co/image/ab67616d0000b2739a9716c90ceeb1890921e44f" 
"Shakira","Monotonía","Monotonía","2023/01/30","https://i.scdn.co/image/ab67616d0000b27327b5b57343431306a7f9daec" 
"JVLA","Such a Whore (Stellular Remix)","Such a Whore (Stellular Remix)","2023/01/30","https://i.scdn.co/image/ab67616d0000b27351a95ca879d7933ef85e95be" 
"Justin Hurwitz","La La Land (Original Motion Picture Soundtrack)","City Of Stars (Humming)","2023/01/30","https://i.scdn.co/image/ab67616d0000b2730bdf4dd39843ad48c5b66bc4" 
"Jorge Blanco","Disney Papás por Encargo (Banda Sonora Original)","Vivo","2023/01/30","https://i.scdn.co/image/ab67616d0000b273a74ac287a89b0e936c396f6f" 
"Jorge Blanco","Disney Papás por Encargo (Banda Sonora Original)","Mientes tan bien","2023/01/30","https://i.scdn.co/image/ab67616d0000b273a74ac287a89b0e936c396f6f" 
"Jorge Blanco","Disney Papás por Encargo (Banda Sonora Original)","Cómo te voy a olvidar","2023/01/30","https://i.scdn.co/image/ab67616d0000b273a74ac287a89b0e936c396f6f" 
"Jorge Blanco","Disney Papás por Encargo (Banda Sonora Original)","Oye Mujer","2023/01/30","https://i.scdn.co/image/ab67616d0000b273a74ac287a89b0e936c396f6f" 
"Jennifer Hudson","RESPECT (Original Motion Picture Soundtrack)","I Say A Little Prayer","2023/01/30","https://i.scdn.co/image/ab67616d0000b273e18c4c4c7164681b76916e62" 
"J Balvin","No Es Justo","No Es Justo","2023/01/30","https://i.scdn.co/image/ab67616d0000b27399714bfbe9b5340b182405c4" 
"J Balvin","Bonita","Bonita","2023/01/30","https://i.scdn.co/image/ab67616d0000b2732e5575fe1f84ef8cdafa7987" 
"Jawsh 685","Savage Love (Laxed - Siren Beat)","Savage Love (Laxed - Siren Beat)","2023/01/30","https://i.scdn.co/image/ab67616d0000b273e3eb3b8feeafb746ecf659e7" 
"Feid","FELIZ CUMPLEAÑOS FERXXO TE PIRATEAMOS EL ÁLBUM","XQ Te Pones Así","2023/01/30","https://i.scdn.co/image/ab67616d0000b27373456ed697350847810e52b3" 
"Javier Ramirez","Me Atrapó","Me Atrapó","2023/01/30","https://i.scdn.co/image/ab67616d0000b2739e984c78d4ff53ee5f2c1589" 
"Zangel","Soy Loco","Soy Loco","2023/01/30","https://i.scdn.co/image/ab67616d0000b273a11903da3038b7a7582d6a64" 
"Dímelo Flow","Haciéndolo","Haciéndolo","2023/01/30","https://i.scdn.co/image/ab67616d0000b273d566947b030f3facdd13d87d" 
"Eladio Carrion","SEN2 KBRN VOL. 2","Mbappe","2023/01/30","https://i.scdn.co/image/ab67616d0000b273dce7a3fb14f5e841c0befbbf" 
"Punto40","Mini Mini","Mini Mini","2023/01/30","https://i.scdn.co/image/ab67616d0000b273a400b087bdf628b1b3ec4324" 
"Bala","Desde el Cielo","Desde el Cielo","2023/01/30","https://i.scdn.co/image/ab67616d0000b27354fa18416368d4f2aded8c8e" 
"Miley Cyrus","Flowers","Flowers","2023/01/30","https://i.scdn.co/image/ab67616d0000b273f429549123dbe8552764ba1d" 
"El Alfa","LOS APARATOS","LOS APARATOS","2023/01/30","https://i.scdn.co/image/ab67616d0000b273c24e934e7b1dd2abdd63f788" 
"Nicki Minaj","Tukoh Taka (Official FIFA Fan Festival™Anthem)","Tukoh Taka - Official FIFA Fan Festival™ Anthem","2023/01/30","https://i.scdn.co/image/ab67616d0000b273da375de40d4f83c371d5280f" 
"Rauw Alejandro","VICE VERSA","Desesperados","2023/01/30","https://i.scdn.co/image/ab67616d0000b273d9525f27b0a9e25b1fa21230" 
"Calvin Harris","One Kiss (with Dua Lipa)","One Kiss (with Dua Lipa)","2023/01/30","https://i.scdn.co/image/ab67616d0000b273d09f96d82310d4d77c14c108" 
"BLACKPINK","How You Like That","How You Like That","2023/01/30","https://i.scdn.co/image/ab67616d0000b273310b505203a3fc8a952ed010" 
"Camilo","De Adentro Pa Afuera","Índigo","2023/01/30","https://i.scdn.co/image/ab67616d0000b273d3fdbbbfeeffc9a02c6308d1" 
"Bad Bunny","Un Verano Sin Ti","Ojitos Lindos","2023/01/30","https://i.scdn.co/image/ab67616d0000b27349d694203245f241a1bcaa72" 
"Sofia Carson","Purple Hearts (Original Soundtrack)","Sweet Caroline","2023/01/30","https://i.scdn.co/image/ab67616d0000b2739e73ff641e43efa7dd9b4582" 
"Andrea Bocelli","A Family Christmas","Feliz Navidad","2023/01/30","https://i.scdn.co/image/ab67616d0000b273e64ddd50e08b7a2e1eeb32b5" 
"Camilo","Mis Manos","Manos de Tijera","2023/01/30","https://i.scdn.co/image/ab67616d0000b273d7210e8d6986196b28d084ef" 
"Camilo","Por Primera Vez","Por Primera Vez","2023/01/30","https://i.scdn.co/image/ab67616d0000b273653ffc209fd026e94a80d3f3" 
"Camilo","De Adentro Pa Afuera","Bebiendo Sola","2023/01/30","https://i.scdn.co/image/ab67616d0000b273d3fdbbbfeeffc9a02c6308d1" 
"Bad Bunny","Un Verano Sin Ti","Después de la Playa","2023/01/30","https://i.scdn.co/image/ab67616d0000b27349d694203245f241a1bcaa72" 
"El Show De Bely Y Beto","Bailando Con Bely y Beto","El Ratón de los Dientes","2023/01/30","https://i.scdn.co/image/ab67616d0000b273f3724fe6382d8a91e0a91324" 
"El Show De Bely Y Beto","Bailando Con Bely y Beto","El Club del Conejo Mala Pata","2023/01/30","https://i.scdn.co/image/ab67616d0000b273f3724fe6382d8a91e0a91324" 
"El Show De Bely Y Beto","Bailando Con Bely y Beto","Un Millón de Gracias","2023/01/30","https://i.scdn.co/image/ab67616d0000b273f3724fe6382d8a91e0a91324" 
"El Show De Bely Y Beto","La Pepo Cumbia","La Pepo Cumbia","2023/01/30","https://i.scdn.co/image/ab67616d0000b2734753bdc7de47ec7d20bfd81c" 
"El Show De Bely Y Beto","Bailando Con Bely y Beto","Somos Grandes Amigos","2023/01/30","https://i.scdn.co/image/ab67616d0000b273f3724fe6382d8a91e0a91324" 
"El Show De Bely Y Beto","Bailando Con Bely y Beto","A la Escuela","2023/01/30","https://i.scdn.co/image/ab67616d0000b273f3724fe6382d8a91e0a91324" 
"El Show De Bely Y Beto","Bailando Con Bely y Beto","El Baile de Pepo","2023/01/30","https://i.scdn.co/image/ab67616d0000b273f3724fe6382d8a91e0a91324" 
"El Show De Bely Y Beto","Bailando Con Bely y Beto","Es una Bruja","2023/01/30","https://i.scdn.co/image/ab67616d0000b273f3724fe6382d8a91e0a91324" 
"Tatiana","Salta Sin Parar","No Me Quiero Bañar","2023/01/30","https://i.scdn.co/image/ab67616d0000b273bbd59384109536880ef3f3a1" 
"Camilo","Mis Manos","KESI","2023/01/30","https://i.scdn.co/image/ab67616d0000b273d7210e8d6986196b28d084ef" 
"Tata Vega","El Rey Leon (Edición Especial)","Ciclo Sin Fin","2023/01/30","https://i.scdn.co/image/ab67616d0000b27356e869daafe3171fb565bcfa" 
"Romina Marroquín Payró","Frozen: Una Aventura Congelada (Banda Sonora Original)","Finalmente y Como Nunca","2023/01/30","https://i.scdn.co/image/ab67616d0000b273bcaa5a6afb86168fd6d659fd" 
"Cynthia Erivo","Pinocchio (Original Soundtrack)","When You Wish Upon A Star","2023/01/30","https://i.scdn.co/image/ab67616d0000b273f1a46afa37199f1a16378bf9" 
"Harry Styles","Fine Line","Watermelon Sugar","2023/03/02","https://i.scdn.co/image/ab67616d0000b27377fdcfda6535601aff081b6a" 
"Harry Styles","Harry Styles","Sign of the Times","2023/03/02","https://i.scdn.co/image/ab67616d0000b2736c619c39c853f8b1d67b7859" 
"Ricardo Arjona","Independiente + Demos","Fuiste Tú (feat. Gaby Moreno)","2023/03/14","https://i.scdn.co/image/ab67616d0000b2732e1ba6a3dac7573ac82bfe2e" 
"León Larregui","Voluma","Locos","2023/03/30","https://i.scdn.co/image/ab67616d0000b2732a05b124cd97397315615e22" 
"Los Ángeles Azules","Esto Sí Es Cumbia","Nunca Es Suficiente","2023/08/11","https://i.scdn.co/image/ab67616d0000b27333eaecc2d9a01d6c5862860f" 
"Los Ángeles Azules","Cómo Te Voy a Olvidar ¡Edición de Súper Lujo!","Mis Sentimientos","2023/08/11","https://i.scdn.co/image/ab67616d0000b27340eb369568a148cf6479fb3b" 
"Los Ángeles Azules","Cómo Te Voy a Olvidar ¡Edición de Súper Lujo!","Entrega de Amor - En Vivo [Concierto Sinfónico Cumbia Fuzión by Fuze Tea]","2023/08/11","https://i.scdn.co/image/ab67616d0000b27340eb369568a148cf6479fb3b" 
"Los Ángeles Azules","Amor a Primera Vista","Amor a Primera Vista","2023/08/11","https://i.scdn.co/image/ab67616d0000b273e85d996af92e8295e676f6db" 
"Los Ángeles Azules","Cómo Te Voy a Olvidar ¡Edición de Súper Lujo!","Las Maravillas de la Vida","2023/08/11","https://i.scdn.co/image/ab67616d0000b27340eb369568a148cf6479fb3b" 
"Rihanna","ANTI (Deluxe)","Love On The Brain","2023/08/11","https://i.scdn.co/image/ab67616d0000b27333c6b920eabcf4c00d7a1093" 
"Lady Gaga","One World: Together At Home","Smile - One World: Together At Home","2023/08/11","https://i.scdn.co/image/ab67616d0000b273d43806cf68e3984ed158f1a7" 
"Camila Cabello","One World: Together At Home","What A Wonderful World - One World: Together At Home","2023/08/11","https://i.scdn.co/image/ab67616d0000b273d43806cf68e3984ed158f1a7" 
"John Legend","One World: Together At Home","Stand By Me - One World: Together At Home","2023/08/11","https://i.scdn.co/image/ab67616d0000b273d43806cf68e3984ed158f1a7" 
"Billie Eilish","One World: Together At Home","Sunny - One World: Together At Home","2023/08/11","https://i.scdn.co/image/ab67616d0000b273d43806cf68e3984ed158f1a7" 
"Andrea Bocelli","One World: Together At Home","The Prayer - One World: Together At Home","2023/08/11","https://i.scdn.co/image/ab67616d0000b273d43806cf68e3984ed158f1a7" 
"Jennifer Hudson","One World: Together At Home","Memory - One World: Together At Home","2023/08/11","https://i.scdn.co/image/ab67616d0000b273d43806cf68e3984ed158f1a7" 
"Christine and the Queens","One World: Together At Home","People, I've Been Sad - One World: Together At Home","2023/08/11","https://i.scdn.co/image/ab67616d0000b273d43806cf68e3984ed158f1a7" 
"Kesha","One World: Together At Home","Praying - One World: Together At Home","2023/08/11","https://i.scdn.co/image/ab67616d0000b273d43806cf68e3984ed158f1a7" 
"Sofi Tukker","One World: Together At Home","Drinkee - One World: Together At Home","2023/08/11","https://i.scdn.co/image/ab67616d0000b273d43806cf68e3984ed158f1a7" 
"Lady A","One World: Together At Home","What I'm Leaving For - One World: Together At Home","2023/08/11","https://i.scdn.co/image/ab67616d0000b273d43806cf68e3984ed158f1a7" 
"Jennifer Hudson","One World: Together At Home","Hallelujah - One World: Together At Home","2023/08/11","https://i.scdn.co/image/ab67616d0000b273d43806cf68e3984ed158f1a7" 
"Red Velvet","Ice Cream Cake","Take It Slow","2023/08/11","https://i.scdn.co/image/ab67616d0000b27378637220ef03a9664eb08c32" 
"La Gusana Ciega","Jaibol","Yes Sir, I Can Boogie","2023/08/11","https://i.scdn.co/image/ab67616d0000b2738ceafc3953f1d0ce2bd820eb" 
"Juan Gabriel","Me Gusta Bailar Contigo","Buenos Días Señor Sol","2023/08/11","https://i.scdn.co/image/ab67616d0000b273790a8bfa4c8a7539fe2df0bc" 
"Zoé","8.11.14 (Deluxe)","Labios Rotos - Live 8.11.14","2023/08/11","https://i.scdn.co/image/ab67616d0000b2738d037895f2a04cf286b4f183" 
"León Larregui","Solstis - De León Larregui","Brillas","2023/08/11","https://i.scdn.co/image/ab67616d0000b273833110ebd5e6cdf55d5ec0e8" 
"Coralie Clement","Salle des pas perdus","L'ombre et la lumière","2023/08/11","https://i.scdn.co/image/ab67616d0000b27336289d656815dee4b657acb6" 
"Leo Sayer","Very Best Of Leo Sayer","You Make Me Feel Like Dancing - Remastered","2023/08/11","https://i.scdn.co/image/ab67616d0000b2739b56816506b5c6e7ade802ed" 
"The Beach Boys","Greatest Hits","Wouldn't It Be Nice","2023/08/11","https://i.scdn.co/image/ab67616d0000b27387ff937488599a929a5bfff5" 
"Bee Gees","The Ultimate Bee Gees","You Should Be Dancing - 2009 Remastered Version","2023/08/11","https://i.scdn.co/image/ab67616d0000b2736975f679ad7d0a8bea1cce7b" 
"Bee Gees","The Ultimate Bee Gees","Guilty - Live at MGM Grand Las Vegas; 2009 Remastered Version","2023/08/11","https://i.scdn.co/image/ab67616d0000b2736975f679ad7d0a8bea1cce7b" 
"Coldplay","Clocks","Clocks","2023/08/11","https://i.scdn.co/image/ab67616d0000b2730101b89babd455a9ec501562" 
"Coldplay","The Scientist","The Scientist","2023/08/11","https://i.scdn.co/image/ab67616d0000b27340b57befa24e9fe0e888f4a1" 
"Coldplay","A Head Full of Dreams","Adventure of a Lifetime","2023/08/11","https://i.scdn.co/image/ab67616d0000b2738ff7c3580d429c8212b9a3b6" 
"Coldplay","Music Of The Spheres","My Universe","2023/08/11","https://i.scdn.co/image/ab67616d0000b273ec10f247b100da1ce0d80b6d" 
"Coldplay","Viva La Vida or Death and All His Friends","Viva La Vida","2023/08/11","https://i.scdn.co/image/ab67616d0000b273e21cc1db05580b6f2d2a3b6e" 
"Leo Sayer","Endless Flight","You Make Me Feel Like Dancing","2023/08/11","https://i.scdn.co/image/ab67616d0000b273fc260b9f45d36ce9ebde7bc5" 
"Cyndi Lauper","The Best Of The 80's","Girls Just Want to Have Fun","2023/08/11","https://i.scdn.co/image/ab67616d0000b2737caab36da334ff2864d34af5" 
"Blondie","Best Of Blondie","Heart Of Glass - Special Mix","2023/08/11","https://i.scdn.co/image/ab67616d0000b2738cf86a9be38868f1d73cdb58" 
"Rick Astley","Whenever You Need Somebody","Never Gonna Give You Up","2023/08/11","https://i.scdn.co/image/ab67616d0000b273255e131abc1410833be95673" 
"Queen","The Game (2011 Remaster)","Another One Bites The Dust - Remastered 2011","2023/08/11","https://i.scdn.co/image/ab67616d0000b273056e90910cbaf5c5b892aeba" 
"Wham!","Twenty Five","Wake Me Up Before You Go-Go - Remastered","2023/08/11","https://i.scdn.co/image/ab67616d0000b2730387e54a214e3ed5ff795956" 
"The Pointer Sisters","Best Of","I'm So Excited","2023/08/11","https://i.scdn.co/image/ab67616d0000b27354fc938a153a1adb6461e20f" 
"Rod Stewart","Storyteller - The Complete Anthology: 1964 - 1990","Young Turks","2023/08/11","https://i.scdn.co/image/ab67616d0000b2739db171cd4df245aed773b659" 
"Rod Stewart","Blondes Have More Fun","Da Ya Think I'm Sexy?","2023/08/11","https://i.scdn.co/image/ab67616d0000b273843e6e9fe4544fd294d47b4d" 
"Gloria Gaynor","Universal Masters Collection","I Will Survive","2023/08/11","https://i.scdn.co/image/ab67616d0000b273f297ee4d94bc402357cf7a49" 
"John Vass","JUMP! (The 80ies Hit Mix)","Life Is Life","2023/08/11","https://i.scdn.co/image/ab67616d0000b273ebabf6af53a214dedd3c3de3" 
"Rick Astley","Whenever You Need Somebody","Together Forever","2023/08/11","https://i.scdn.co/image/ab67616d0000b273255e131abc1410833be95673" 
"Patrick Hernandez","Born to Be Alive (The Original)","Born to Be Alive - The Original","2023/08/11","https://i.scdn.co/image/ab67616d0000b273b2622bac004d3ef8fac1095b" 
"Men At Work","Super Hits","Down Under","2023/08/11","https://i.scdn.co/image/ab67616d0000b273bb6c7e266d0e9ed210affd48" 
"Scorpions","Crazy World","Wind Of Change","2023/08/11","https://i.scdn.co/image/ab67616d0000b273787674b6a114f98cad6f834b" 
"Madonna","True Blue","La Isla Bonita","2023/08/11","https://i.scdn.co/image/ab67616d0000b2735b630a55799de3a3719dec73" 
"Ottawan","The Best Of","Hands Up","2023/08/11","https://i.scdn.co/image/ab67616d0000b27312a44579b609735a5c22adb0" 
"KISS","Dynasty","I Was Made For Lovin' You","2023/08/11","https://i.scdn.co/image/ab67616d0000b2734384b6976cadaec272114022" 
"ABBA","Arrival","Dancing Queen","2023/08/11","https://i.scdn.co/image/ab67616d0000b2733c60391b048d33edff6f3d62" 
"Stevie Wonder","The Definitive Collection","Part-Time Lover - Single Version","2023/08/11","https://i.scdn.co/image/ab67616d0000b27362ca35eb62bb4a3743b2b405" 
"4 Non Blondes","Bigger, Better, Faster, More !","What's Up?","2023/08/11","https://i.scdn.co/image/ab67616d0000b273381371cb8ce680d0dc324600" 
"Billy Joel","An Innocent Man","Uptown Girl","2023/08/11","https://i.scdn.co/image/ab67616d0000b273814cbc4746358a25c84c62e7" 
"KC & The Sunshine Band","KC & the Sunshine Band","That's the Way (I Like It) - 2004 Remaster","2023/08/11","https://i.scdn.co/image/ab67616d0000b273777ea94183cc6c14db581da3" 
"CHIC","The Chic Organization 1977-1979 (2018 Remaster)","Le Freak - 2018 Remaster","2023/08/11","https://i.scdn.co/image/ab67616d0000b273b7ff955881d0c4fe6b4af092" 
"Louis Armstrong","What A Wonderful World","What A Wonderful World","2023/08/11","https://i.scdn.co/image/ab67616d0000b273845a5660b804e5f3e821fbed" 
"Barry White","Can't Get Enough","Can't Get Enough Of Your Love, Babe","2023/08/11","https://i.scdn.co/image/ab67616d0000b273aa3252b7843a8a3426cc34bf" 
"Boney M.","Take The Heat Off Me","Daddy Cool","2023/08/11","https://i.scdn.co/image/ab67616d0000b273dafd1cd6e9537ec8463ea691" 
"Mungo Jerry","In the Summertime","In the Summertime","2023/08/11","https://i.scdn.co/image/ab67616d0000b2739bf5b1980b271ad321e73b0f" 
"Chris Norman","The Original Smokie Gold","Stumblin' In","2023/08/11","https://i.scdn.co/image/ab67616d0000b273f13168d17bdec8443d6a4465" 
"The Archies","The Very Best Of "The Archies"","Sugar, Sugar","2023/08/11","https://i.scdn.co/image/ab67616d0000b27355ef4cc7e56a02c68c3abc0f" 
"Baccara","The Collection & Tracklisting","Yes Sir, I Can Boogie","2023/08/11","https://i.scdn.co/image/ab67616d0000b273f9742033ffb15f5413898ef9" 
"La Bionda","70's Fever","One for You, One for Me","2023/08/11","https://i.scdn.co/image/ab67616d0000b273eed586bf8ae06ae017de577b" 
"Blondie","Atomic/Atomix","The Tide Is High","2023/08/11","https://i.scdn.co/image/ab67616d0000b273ebc918cfb51e9ced7349f436" 
"Blondie","Atomic: The Very Best Of Blondie","One Way Or Another","2023/08/11","https://i.scdn.co/image/ab67616d0000b27329e613cb005419f148b02cf9" 
"Nancy Sinatra","Boots","These Boots Are Made For Walkin'","2023/08/11","https://i.scdn.co/image/ab67616d0000b273b16991c5257c7d27033dd50a" 
"Paul McCartney","Off The Ground","Hope Of Deliverance","2023/08/11","https://i.scdn.co/image/ab67616d0000b2736af6c7921a4a59c1b8129d7c" 
"Village People","Go West In the Navy","In the Navy - Original Version 1979","2023/08/11","https://i.scdn.co/image/ab67616d0000b273e387a0b68cda521a1cc7a743" 
"Jesse Green","Dancing Nice 'N Slow: The Greatest Hits Of Jesse Green & 5000 Volts","Nice ‘n’ Slow","2023/08/11","https://i.scdn.co/image/ab67616d0000b273f82751bfcb5424e13f485046" 
"Harry Belafonte","Deluxe: Greatest Hits","Day O (Banana Boat Song)","2023/08/11","https://i.scdn.co/image/ab67616d0000b2739f7411c277f86fb6f189623b" 
"Tanja Thomas","My Passion","One Way Ticket (To The Blues)","2023/08/11","https://i.scdn.co/image/ab67616d0000b273ab2c6fdd3a295163ab98878d" 
"Joss Favela","Eso y Más","Eso y Más","2023/08/11","https://i.scdn.co/image/ab67616d0000b273476d78ed028738da9c160673" 
"Jennifer Hudson","Dreamgirls (Music from the Motion Picture)","Love You I Do","2023/08/11","https://i.scdn.co/image/ab67616d0000b2734ff6b691780844247bc981ea" 
"Jennifer Hudson","Sing (Original Motion Picture Soundtrack Deluxe)","Hallelujah - Duet Version / From "Sing" Original Motion Picture Soundtrack","2023/08/11","https://i.scdn.co/image/ab67616d0000b27370120e0cfe4add0fb2eba28b" 
"Jennifer Hudson","Memory (From The Motion Picture Soundtrack "Cats")","Memory - From The Motion Picture Soundtrack "Cats"","2023/08/11","https://i.scdn.co/image/ab67616d0000b2739b69883d36f039ca4ee8941d" 
"Jennifer Hudson","I Remember Me","Feeling Good","2023/08/11","https://i.scdn.co/image/ab67616d0000b273652dde8e1215661397e4a007" 
"Jennifer Hudson","Dreamgirls (Music from the Motion Picture)","One Night Only - Highlights Version","2023/08/11","https://i.scdn.co/image/ab67616d0000b2734ff6b691780844247bc981ea" 
"Jennifer Hudson","Dreamgirls (Music from the Motion Picture)","Dreamgirls","2023/08/11","https://i.scdn.co/image/ab67616d0000b2734ff6b691780844247bc981ea" 
"Rod Stewart","Soulbook","Let It Be Me (with Jennifer Hudson)","2023/08/11","https://i.scdn.co/image/ab67616d0000b2735875ea9922c6f3fa4e4a31cc" 
"Leonard Cohen","Various Positions","Dance Me to the End of Love","2023/08/11","https://i.scdn.co/image/ab67616d0000b2738c56267153920f9c0df36c5b" 
"Leonard Cohen","Various Positions","Hallelujah","2023/08/11","https://i.scdn.co/image/ab67616d0000b2738c56267153920f9c0df36c5b" 
"Creedence Clearwater Revival","Green River (Expanded Edition)","Bad Moon Rising","2023/08/11","https://i.scdn.co/image/ab67616d0000b2733efcd243aaa5638f55318f91" 
"Creedence Clearwater Revival","Willy And The Poor Boys (Expanded Edition)","Down On The Corner","2023/08/11","https://i.scdn.co/image/ab67616d0000b2739f39192f9f8ca1c90847b3e5" 
"Blondie","Classic Covers","The Tide Is High - Edit","2023/08/11","https://i.scdn.co/image/ab67616d0000b273e4bdbf6937803ee8731cf75b" 
"Smash Mouth","Classic Covers","I'm A Believer - From "Shrek" Motion Picture Soundtrack","2023/08/11","https://i.scdn.co/image/ab67616d0000b273e4bdbf6937803ee8731cf75b" 
"KISS","Best of Rock Classics","I Was Made For Lovin' You","2023/08/11","https://i.scdn.co/image/ab67616d0000b273b731fae7e7e5146ec574dcc2" 
"Amy Winehouse","Back To Black (Deluxe Edition)","Back To Black","2023/08/11","https://i.scdn.co/image/ab67616d0000b27376ffb5b5ab045d22c81235c1" 
"Amy Winehouse","Back To Black (Deluxe Edition)","You Know I'm No Good","2023/08/11","https://i.scdn.co/image/ab67616d0000b27376ffb5b5ab045d22c81235c1" 
"Amy Winehouse","Back To Black (Deluxe Edition)","Rehab","2023/08/11","https://i.scdn.co/image/ab67616d0000b27376ffb5b5ab045d22c81235c1" 
"Aretha Franklin","Aretha Now","I Say a Little Prayer","2023/08/11","https://i.scdn.co/image/ab67616d0000b27346c31f64babcbfca6e061b6b" 
"Adele","21","Rolling in the Deep","2023/08/11","https://i.scdn.co/image/ab67616d0000b2732118bf9b198b05a95ded6300" 
"Roberta Flack","Killing Me Softly","Killing Me Softly With His Song","2023/08/11","https://i.scdn.co/image/ab67616d0000b2737ff730d1580c27bc461d0ccf" 
"LP","Lost on You","Lost on You","2023/08/11","https://i.scdn.co/image/ab67616d0000b273edd52840c88ba5e7163071cf" 
"Ricardo Montaner","Haciendo Camino","Tan Enamorados (Nina Bonita)","2023/08/11","https://i.scdn.co/image/ab67616d0000b273df181b5b671501d34c08b118" 
"Keane","Hopes And Fears","Everybody's Changing","2023/08/11","https://i.scdn.co/image/ab67616d0000b273045d0a38105fbe7bde43c490" 
"Tears For Fears","Songs From The Big Chair (Super Deluxe Edition)","Everybody Wants To Rule The World","2023/08/11","https://i.scdn.co/image/ab67616d0000b27322463d6939fec9e17b2a6235" 
"R.E.M.","Automatic For The People","Everybody Hurts","2023/08/11","https://i.scdn.co/image/ab67616d0000b273ace3e7aae0b7c78bbe1c4f35" 
"Bob Conrad","We Wish You a Merry Christmas","White Christmas","2023/08/11","https://i.scdn.co/image/ab67616d0000b27321070afd9adb45d1f0590338" 
"Vic Dana","The Complete Hits Of Vic Dana","I Will","2023/08/11","https://i.scdn.co/image/ab67616d0000b2739566a375ea84d1e06c2b5a5c" 
"Maria Becerra","LA NENA DE ARGENTINA","LA NENA DE ARGENTINA","2023/08/11","https://i.scdn.co/image/ab67616d0000b27377ec4341ebb8a0dbfe2df739" 
"León Larregui","Solstis - De León Larregui","Souvenir","2023/08/11","https://i.scdn.co/image/ab67616d0000b2735be353af3e7d01599fbbda14" 
"León Larregui","Solstis - De León Larregui","Como Tú (Magic Music Box)","2023/08/11","https://i.scdn.co/image/ab67616d0000b2735be353af3e7d01599fbbda14" 
"León Larregui","Solstis - De León Larregui","Pérdida Total","2023/08/11","https://i.scdn.co/image/ab67616d0000b2735be353af3e7d01599fbbda14" 
"León Larregui","Metrópolis (Live)","Locos - Live","2023/08/11","https://i.scdn.co/image/ab67616d0000b2737f95db2bb4943b58b6d43bba" 
"Zoé","Rocanlover","Love","2023/08/11","https://i.scdn.co/image/ab67616d0000b273ae18ed3e8c0b2f82d0eaf08c" 
"Jenny And The Mexicats","Jenny And The Mexicats","Verde Más Allá","2023/08/11","https://i.scdn.co/image/ab67616d0000b273113f00d50fe4b8cccd68d7e8" 
"La Mosca Tse-Tse","Visperas De Carnaval","Para No Verte Más","2023/08/11","https://i.scdn.co/image/ab67616d0000b27360fc79eea7acba5248619f82" 
"Jósean Log","Háblate de Mí","Beso","2023/08/11","https://i.scdn.co/image/ab67616d0000b273a8659bf75fee7dc8c01afc67" 
"León Larregui","Solstis - De León Larregui","Brillas","2023/08/11","https://i.scdn.co/image/ab67616d0000b2735be353af3e7d01599fbbda14" 
